{"train_loss": 0.02644757181406021, "epoch": 67, "trainer/global_step": 34799, "_timestamp": 1692450961.1988559, "_runtime": 1355.1373629570007, "_step": 762, "val_loss": 0.24645744264125824}