{"train_loss": 1.0382062196731567, "epoch": 45, "trainer/global_step": 20515, "_timestamp": 1691515913.4988847, "_runtime": 2210.4845945835114, "_step": 455, "val_loss": 0.7733674049377441}