{"train_loss": 0.009599617682397366, "epoch": 17, "trainer/global_step": 158599, "_timestamp": 1690844673.339498, "_runtime": 14110.273803949356, "_step": 3188, "val_loss": 0.020313642919063568}