{"train_loss": 0.06955575942993164, "epoch": 167, "trainer/global_step": 74927, "_timestamp": 1691519237.3249342, "_runtime": 3291.527775287628, "_step": 1665, "val_loss": 0.23042285442352295}