{"train_loss": 0.005987497977912426, "epoch": 42, "trainer/global_step": 22099, "_timestamp": 1692449237.583541, "_runtime": 565.7150948047638, "_step": 483, "val_loss": 0.1166791021823883}