{"train_loss": 0.11997853964567184, "epoch": 21, "trainer/global_step": 11349, "_timestamp": 1692449589.8914673, "_runtime": 347.14685440063477, "_step": 247, "val_loss": 0.3175189197063446}