{"train_loss": 0.03011964075267315, "epoch": 74, "trainer/global_step": 38699, "_timestamp": 1692447563.7297387, "_runtime": 1001.4850986003876, "_step": 847, "val_loss": 0.2151082456111908}