{"train_loss": 0.010089335031807423, "epoch": 79, "trainer/global_step": 40899, "_timestamp": 1692448665.655141, "_runtime": 1082.1694340705872, "_step": 896, "val_loss": 0.14718864858150482}